username,password
asd111@gmail.com,a
asd222@gmail.com,a
asd333@gmail.com,a
asd444@gmail.com,a
asd555@gmail.com,a
asd666@gmail.com,a
asd777@gmail.com,a
asd888@gmail.com,a
asd99@gmail.com,a
asd101@gmail.com,a
asd111@gmail.com,a
asd122@gmail.com,a
asd133@gmail.com,a
asd144@gmail.com,a
asd155@gmail.com,a
asd166@gmail.com,a
asd178@gmail.com,a
asd187@gmail.com,a
asd199@gmail.com,a
asd201@gmail.com,a
asd211@gmail.com,a
asd222@gmail.com,a
asd233@gmail.com,a
asd244@gmail.com,a
asd255@gmail.com,a
asd264@gmail.com,a
asd27@gmail.com,a
asd28@gmail.com,a
asd29@gmail.com,a
asd30@gmail.com,a
asd31@gmail.com,a
asd32@gmail.com,a
asd33@gmail.com,a
asd34@gmail.com,a
asd35@gmail.com,a
asd36@gmail.com,a
asd37@gmail.com,a
asd38@gmail.com,a
asd39@gmail.com,a
asd40@gmail.com,a
asd41@gmail.com,a
asd42@gmail.com,a
asd43@gmail.com,a
asd44@gmail.com,a
asd45@gmail.com,a
asd46@gmail.com,a
asd47@gmail.com,a
asd48@gmail.com,a
asd49@gmail.com,a
asd50@gmail.com,a
asd51@gmail.com,a
asd52@gmail.com,a
asd53@gmail.com,a
asd54@gmail.com,a
asd55@gmail.com,a
asd56@gmail.com,a
asd57@gmail.com,a
asd58@gmail.com,a
asd59@gmail.com,a
asd60@gmail.com,a
asd61@gmail.com,a
asd62@gmail.com,a
asd63@gmail.com,a
asd64@gmail.com,a
asd65@gmail.com,a
asd66@gmail.com,a
asd67@gmail.com,a
asd68@gmail.com,a
asd69@gmail.com,a
asd70@gmail.com,a
asd71@gmail.com,a
asd72@gmail.com,a
asd73@gmail.com,a
asd74@gmail.com,a
asd75@gmail.com,a
asd76@gmail.com,a
asd77@gmail.com,a
asd78@gmail.com,a
asd79@gmail.com,a
asd80@gmail.com,a
asd81@gmail.com,a
asd82@gmail.com,a
asd83@gmail.com,a
asd84@gmail.com,a
asd85@gmail.com,a
asd86@gmail.com,a
asd87@gmail.com,a
asd88@gmail.com,a
asd89@gmail.com,a
asd90@gmail.com,a
asd91@gmail.com,a
asd92@gmail.com,a
asd93@gmail.com,a
asd94@gmail.com,a
asd95@gmail.com,a
asd96@gmail.com,a
asd97@gmail.com,a
asd98@gmail.com,a
asd99@gmail.com,a
asd100@gmail.com,a
